{"type": "linear", "w": [0.8206669197312642, -0.18682672944933668, 0.8375492663268639, 0.0, -0.5792399741379, 0.08114051548510241, -0.9732899979559951, 0.0, -0.32014508200971675, 0.6308366270688226, 0.6625984528968887, -0.012467662351943052, -0.08202451255427175, 0.05903516580357863, -0.017152582981154577, 0.38168424604044454, -0.04487762069510938, 0.08114051548510241, 0.6080097404521985, 0.04058427174525802, -0.02877614072993781, -0.14517819134954577, 0.9993498898036125, 0.0, 0.0, 0.0, 0.0, 0.0, 0.0, 0.02837681279524286, 0.05276370268985953, 0.04058427174525802, 0.0, -0.555151643665422, 0.0], "feature_dim": 35}