{"features": ["my_prizes_left", "opp_prizes_left", "prize_diff", "my_active_hp_ratio", "opp_active_hp_ratio", "my_active_energy", "opp_active_energy", "my_bench", "opp_bench", "my_board_energy", "opp_board_energy", "my_hand", "opp_hand", "turn", "my_has_active", "opp_has_active"], "w": [0.07625693646071091, 0.19228531367224555, 0.2920895177984524, 0.3333167118100818, -0.28912069858311995, 0.2659941013352127, -0.5274346454587748, 0.20908827021472165, -0.23302893211784134, -0.48083422517888064, 1.1370869052150234, 0.021006527405728503, 0.0, -0.22152641552744748, 0.4440843202720252, -0.07625693626997163], "b": -0.08522481283683919, "mu": [0.7630351844001696, 0.6740144128868164, -0.08902077151335312, 0.5636183921256853, 0.7483852230919261, 0.5014836795252225, 0.9656634167019924, 1.774480712166172, 1.9813480288257737, 0.7117422636710471, 1.1568461212378127, 5.721916066129716, 0.0, 6.8736752861381945, 0.7113183552352692, 0.8728274692666385], "sd": [1.9989968528655673, 1.894674392166364, 0.7253963969927627, 0.43809965246052973, 0.3732483066975432, 0.9165578776765729, 1.102661380647294, 1.4720835539292199, 1.5151040212390003, 1.0875192268894704, 1.273855360012731, 2.602830245490943, 1e-09, 5.880481046575368, 0.4531495930120213, 0.33316614297759956]}