{"features": ["my_prizes", "opp_prizes", "prize_diff", "my_hp_ratio", "opp_hp_ratio", "my_active_energy", "opp_active_energy", "my_bench", "opp_bench", "my_board_energy", "opp_board_energy", "my_hand", "opp_hand", "turn", "my_has_active", "opp_has_active", "my_act_maxdmg", "my_act_mincost", "my_act_evo", "my_act_ability", "my_act_pv", "my_act_hp", "opp_act_maxdmg", "opp_act_mincost", "opp_act_evo", "opp_act_ability", "opp_act_pv", "opp_act_hp", "my_exploits_weak", "opp_exploits_weak", "my_bench_maxdmg", "my_bench_attackers", "opp_bench_attackers"], "w": [-0.06808661361376332, 0.024046579691195263, 0.22584670250935326, -0.12357579877122155, 0.03546331406664797, -0.011695032478413364, -0.07213680282854977, -0.08395882149175352, -0.1576233597229527, 0.27104201942032513, -0.3386614641329589, -0.30171263771265805, 0.0, 0.2164674705571129, -0.001640837306790728, 0.23753031969463068, 0.09801415805551048, 0.0015734323483620083, 0.10294637335553984, -0.12055591446427526, -0.08743289015364236, 0.07816879313993276, -0.26718634355265, 0.000213433285080286, -0.11401790044672903, 0.014306295006525355, 0.08432952479102046, -0.11847486310508203, 0.006822261171082048, 0.004133992552114836, 0.04197457928733308, -0.03201539952077735, 0.021232072898142364], "b": 0.008541850404694592, "mu": [0.6534653465346535, 0.5613861386138614, -0.09207920792079208, 0.6222942252341531, 0.7804796889033895, 0.9826732673267327, 1.5361386138613862, 2.1849009900990097, 2.406188118811881, 1.8378712871287128, 2.394306930693069, 5.100495049504951, 0.0, 9.091336633663367, 0.7514851485148515, 0.8905940594059406, 92.51485148514851, 1.1876237623762376, 0.4277227722772277, 0.28688118811881186, 1.5294554455445544, 146.79950495049505, 123.83415841584159, 1.4403465346534654, 0.593069306930693, 0.33712871287128715, 1.7643564356435644, 193.59405940594058, 0.034653465346534656, 0.03292079207920792, 92.13366336633663, 0.619059405940594, 0.6935643564356435], "sd": [1.8691642848676404, 1.7473300886065422, 0.7495454960646093, 0.4283483207398384, 0.35091841129605017, 1.489134503492316, 1.6402067437626222, 1.7998129010942057, 1.8509059403428212, 2.4001240537484576, 2.4799627252590355, 2.4942110714262773, 1e-09, 7.960846278936506, 0.43215184940106777, 0.31214785179637267, 91.12015936653142, 0.9543777709382169, 0.5591044496774623, 0.45230561894249977, 0.8334728147037526, 128.94806460877777, 89.20677515957641, 0.9015420675368541, 0.5748452105986483, 0.472729251024814, 0.9059303152845773, 125.5769006814652, 0.18290052775159732, 0.17842929659936013, 89.77006907984736, 0.8814272338263718, 0.8853360776571003]}